<?xml version="1.0" encoding="utf-8" ?><dwsync><file name="Collection.php" server="ventour.sicuroweb.com" local="3519194936" remote="3570022920" Dst="-1" /><file name="GraphAchievement.php" server="ventour.sicuroweb.com" local="3519194936" remote="3570022920" Dst="-1" /><file name="GraphAlbum.php" server="ventour.sicuroweb.com" local="3519194936" remote="3570022920" Dst="-1" /><file name="GraphApplication.php" server="ventour.sicuroweb.com" local="3519194936" remote="3570022920" Dst="-1" /><file name="GraphCoverPhoto.php" server="ventour.sicuroweb.com" local="3519194936" remote="3570022920" Dst="-1" /><file name="GraphEdge.php" server="ventour.sicuroweb.com" local="3519194936" remote="3570022920" Dst="-1" /><file name="GraphEvent.php" server="ventour.sicuroweb.com" local="3519194936" remote="3570022920" Dst="-1" /><file name="GraphGroup.php" server="ventour.sicuroweb.com" local="3519194936" remote="3570022920" Dst="-1" /><file name="GraphList.php" server="ventour.sicuroweb.com" local="3519194936" remote="3570022920" Dst="-1" /><file name="GraphLocation.php" server="ventour.sicuroweb.com" local="3519194936" remote="3570022920" Dst="-1" /><file name="GraphNode.php" server="ventour.sicuroweb.com" local="3519194936" remote="3570022920" Dst="-1" /><file name="GraphNodeFactory.php" server="ventour.sicuroweb.com" local="3519194936" remote="3570022920" Dst="-1" /><file name="GraphObject.php" server="ventour.sicuroweb.com" local="3519194936" remote="3570022920" Dst="-1" /><file name="GraphObjectFactory.php" server="ventour.sicuroweb.com" local="3519194936" remote="3570022920" Dst="-1" /><file name="GraphPage.php" server="ventour.sicuroweb.com" local="3519194936" remote="3570022920" Dst="-1" /><file name="GraphPicture.php" server="ventour.sicuroweb.com" local="3519194936" remote="3570022920" Dst="-1" /><file name="GraphSessionInfo.php" server="ventour.sicuroweb.com" local="3519194936" remote="3570022920" Dst="-1" /><file name="GraphUser.php" server="ventour.sicuroweb.com" local="3519194936" remote="3570022920" Dst="-1" /></dwsync>