<?xml version="1.0" encoding="utf-8" ?><dwsync><file name="FacebookRequest.php" server="ftp.fantapremierbonfo.altervista.org" local="3503440768" remote="319783739208014788" Dst="-1" /><file name="FacebookResponse.php" server="ftp.fantapremierbonfo.altervista.org" local="3503440768" remote="319783739208014788" Dst="-1" /><file name="FacebookRequest.php" server="ventour.sicuroweb.com" local="3519194936" remote="3570022920" Dst="-1" /><file name="FacebookResponse.php" server="ventour.sicuroweb.com" local="3519194936" remote="3570022920" Dst="-1" /><file name=".DS_Store" server="ventour.sicuroweb.com" local="3570019422" remote="3570023040" Dst="-1" /><file name="autoload.php" server="ventour.sicuroweb.com" local="3519194936" remote="3570022920" Dst="-1" /><file name="Facebook.php" server="ventour.sicuroweb.com" local="3519194936" remote="3570022920" Dst="-1" /><file name="FacebookApp.php" server="ventour.sicuroweb.com" local="3519194936" remote="3570022920" Dst="-1" /><file name="FacebookBatchRequest.php" server="ventour.sicuroweb.com" local="3519194936" remote="3570022920" Dst="-1" /><file name="FacebookBatchResponse.php" server="ventour.sicuroweb.com" local="3519194936" remote="3570022920" Dst="-1" /><file name="FacebookClient.php" server="ventour.sicuroweb.com" local="3519194936" remote="3570022920" Dst="-1" /><file name="SignedRequest.php" server="ventour.sicuroweb.com" local="3519194936" remote="3570022920" Dst="-1" /></dwsync>