<?xml version="1.0" encoding="utf-8" ?><dwsync><file name="FacebookAuthenticationException.php" server="ventour.sicuroweb.com" local="3519194936" remote="3570022920" Dst="-1" /><file name="FacebookAuthorizationException.php" server="ventour.sicuroweb.com" local="3519194936" remote="3570022920" Dst="-1" /><file name="FacebookClientException.php" server="ventour.sicuroweb.com" local="3519194936" remote="3570022920" Dst="-1" /><file name="FacebookOtherException.php" server="ventour.sicuroweb.com" local="3519194936" remote="3570022920" Dst="-1" /><file name="FacebookResponseException.php" server="ventour.sicuroweb.com" local="3519194936" remote="3570022920" Dst="-1" /><file name="FacebookSDKException.php" server="ventour.sicuroweb.com" local="3519194936" remote="3570022920" Dst="-1" /><file name="FacebookServerException.php" server="ventour.sicuroweb.com" local="3519194936" remote="3570022920" Dst="-1" /><file name="FacebookThrottleException.php" server="ventour.sicuroweb.com" local="3519194936" remote="3570022920" Dst="-1" /></dwsync>