<?xml version="1.0" encoding="utf-8" ?><dwsync><file name="FacebookCurl.php" server="ftp.fantapremierbonfo.altervista.org" local="3503440768" remote="319783739208014788" Dst="-1" /><file name="FacebookCurlHttpClient.php" server="ftp.fantapremierbonfo.altervista.org" local="3503440768" remote="319783739208014788" Dst="-1" /><file name="FacebookGuzzleHttpClient.php" server="ftp.fantapremierbonfo.altervista.org" local="3503440768" remote="319783739208014788" Dst="-1" /><file name="FacebookStream.php" server="ftp.fantapremierbonfo.altervista.org" local="3503440768" remote="319783739208014788" Dst="-1" /><file name="FacebookStreamHttpClient.php" server="ftp.fantapremierbonfo.altervista.org" local="3503440768" remote="319783739208014788" Dst="-1" /><file name="FacebookCurl.php" server="ventour.sicuroweb.com" local="3519194936" remote="3570022920" Dst="-1" /><file name="FacebookGuzzleHttpClient.php" server="ventour.sicuroweb.com" local="3519194936" remote="3570022920" Dst="-1" /><file name="FacebookCurlHttpClient.php" server="ventour.sicuroweb.com" local="3519194936" remote="3570022920" Dst="-1" /><file name="FacebookStream.php" server="ventour.sicuroweb.com" local="3519194936" remote="3570022920" Dst="-1" /><file name="FacebookStreamHttpClient.php" server="ventour.sicuroweb.com" local="3519194936" remote="3570022920" Dst="-1" /><file name="FacebookHttpClientInterface.php" server="ventour.sicuroweb.com" local="3519194936" remote="3570022920" Dst="-1" /></dwsync>